Pinocetus,polonicus
Basiloterus,hussaini
Sachalinocetus,cholmicus
Praekogia,cedrosensis
Aulophyseter,rionegrensis
Microcetus,sharkovi
Mixocetus,elysius
Austrosqualodon,trirhizodonta
Basilosaurus,isis
Dorudon,atrox
Dorudon,atrox
Basilosaurus,drazindai
Basilosaurus,isis
Basilosaurus,isis
Dorudon,atrox
Basilosaurus,isis
Dorudon,atrox
Dorudon,serratus
Basilosaurus,drazindai
Thinocetus,arthritus
Thinocetus,arthritus
Halicetus,ignotus
Balaenoptera,taiwanica
Parietobalaena,palmeri
Neosqualodon,assenzae
Neosqualodon,gastaldii
Squalodon,bariensis
Squalodon,dalpiazi
Andrewsiphius,sloani
Remingtonocetus,domandaensis
Dalanistes,ahmedi
Takracetus,simus
Rodhocetus,kasranii
Gaviacetus,razai
Dalanistes,ahmedi
Rodhocetus,kasranii
Indocetus,ramani
Ancalecetus,simonsi
Pakicetus,inachus
Babiacetus,indicus
Artiocetus,clavis
Rodhocetus,balochistanensis
Basilosaurus,cetoides
Zygorhiza,kochii
Basilosaurus,isis
Georgiacetus,vogtlensis
Basilosaurus,cetoides
Natchitochia,jonesi
Pappocetus,lugardi
Pappocetus,lugardi
Basilosaurus,cetoides
Cynthiacetus,maxwelli
Basilosaurus,cetoides
Basilosaurus,cetoides
Tranatocetus,argillarius
Kampholophos,serrulus
Basilosaurus,cetoides
Hadrodelphis,calvertense
Macrokentriodon,morani
Microcetus,ambiguus
Remingtonocetus,domandaensis
Basilotritus,wardii
Delphinus,delphis
Andrewsiphius,sloani
Prosqualodon,australis
Waipatia,maerewhenua
Pomatodelphis,inaequalis
Pomatodelphis,inaequalis
Pomatodelphis,inaequalis
Pomatodelphis,inaequalis
Pomatodelphis,inaequalis
Pomatodelphis,bobengi
Parapontoporia,pacifica
Piscolithax,tedfordi
Piscolithax,boreios
Denebola,brachycephala
Pomatodelphis,bobengi
Praekogia,cedrosensis
Albireo,whistleri
Squalodon,calvertensis
Phocageneus,venustus
Zarhachis,flagellator
Schizodelphis,sulcatus
Pomatodelphis,bobengi
Ninoziphius,platyrostris
Atocetus,nasalis
Atocetus,nasalis
Goniodelphis,hudsoni
Goniodelphis,hudsoni
Ninoziphius,platyrostris
Goniodelphis,hudsoni
Kogiopsis,floridana
Squaloziphius,emlongi
Lonchodelphis,occiduus
Piscolithax,longirostris
Pomatodelphis,inaequalis
Pliopontos,littoralis
Odobenocetops,peruvianus
Pomatodelphis,bobengi
Albicetus,oxymycterus
Incacetus,broggii
Scaphokogia,cochlearis
Australithax,intermedia
Brachydelphis,mazeasi
Atocetus,iquensis
Belonodelphis,peruanus
Zarhachis,flagellator
Kentriodon,pernix
Xiphiacetus,bossi
Australodelphis,mirus
Idiophyseter,merriami
Cetotherium,furlongi
Aulophyseter,morricei
Parietobalaena,palmeri
Tusciziphius,crispus
Nannocetus,eremus
Xenorophus,sloanii
Pelocetus,calvertensis
Messapicetus,longirostris
Vanbreenia,trigonia
Diorocetus,hiatus
Aglaocetus,patulus
Pelocetus,calvertensis
Hadrodelphis,calvertense
Lophocetus,pappus
Lophocetus,pappus
Phocageneus,venustus
Attockicetus,praecursor
Ambulocetus,natans
Ichthyolestes,pinfoldi
Himalayacetus,subathuensis
Kutchicetus,minimus
Pakicetus,attocki
Nalacetus,ratimitus
Pakicetus,attocki
Pakicetus,inachus
Ichthyolestes,pinfoldi
Ichthyolestes,pinfoldi
Indocetus,ramani
Andrewsiphius,sloani
Remingtonocetus,harudiensis
Andrewsiphius,sloani
Andrewsiphius,sloani
Babiacetus,indicus
Mesoplodon,longirostris
Babiacetus,mishrai
Kharodacetus,sahnii
Andrewsiphius,sloani
Andrewsiphius,sloani
Andrewsiphius,sloani
Kharodacetus,sahnii
Remingtonocetus,domandaensis
Qaisracetus,arifi
Qaisracetus,arifi
Mesocetus,schweinfurthi
Basilosaurus,cetoides
Cynthiacetus,maxwelli
Basilosaurus,cetoides
Ichthyolestes,pinfoldi
Pakicetus,attocki
Basilosaurus,cetoides
Basilosaurus,cetoides
Basilosaurus,cetoides
Basilosaurus,cetoides
Basilosaurus,cetoides
Basilosaurus,cetoides
Basilosaurus,cetoides
Basilosaurus,cetoides
Zygorhiza,kochii
Basilosaurus,cetoides
Prosqualodon,hamiltoni
Waipatia,hectori
Tangaroasaurus,kakanuiensis
Mauicetus,parki
Phocaenopsis,mantelli
Otekaikea,marplesi
Kekenodon,onamata
Tohoraata,waitakiensis
Simocetus,rayi
Ferecetotherium,kelloggi
Sulakocetus,dagestanicus
Squalodon,barbarus
Atropatenocetus,posteocenicus
Agorophius,pygmaeus
Oligodelphis,azerbajdzanicus
Iniopsis,caucasica
Micromysticetus,tobieni
Micromysticetus,rothauseni
Micromysticetus,rothauseni
Cetotheriopsis,lintianus
Eomysticetus,whitmorei
Eomysticetus,carolinensis
Aetiocetus,cotylalveus
Chonecetus,sookensis
Fucaia,goedertorum
Morawanocetus,yabukii
Aetiocetus,tomitai
Aetiocetus,weltoni
Aetiocetus,polydentatus
Metasqualodon,harwoodi
Prosqualodon,davidis
Patriocetus,kazakhstanicus
Patriocetus,ehrlichii
Numataphocoena,yamashitai
Yamatocetus,canaliculatus
Prepomatodelphis,korneuburgensis
Prosqualodon,australis
Notocetus,vanbenedeni
Albicetus,oxymycterus
Pseudorca,yokoyamai
Pseudorca,yokoyamai
Salumiphocaena,stocktoni
Tiphyocetus,temblorensis
Peripolocetus,vexillifer
Parietobalaena,securis
Liolithax,kernensis
Oedolithax,mira
Lamprolithax,simulans
Lamprolithax,annectens
Nannolithax,gracilis
Platylithax,robusta
Loxolithax,sinuosa
Kentriodon,obscurus
Kentriodon,obscurus
Parapontoporia,sternbergi
Mesoplodon,longirostris
Liolithax,kernensis
Lophocetus,repenningi
Eosqualodon,langewieschei
Microphocaena,podolica
Diaphorocetus,poucheti
Notocetus,vanbenedeni
Parapontoporia,wilsoni
Schizodelphis,sulcatus
Schizodelphis,sulcatus
Schizodelphis,sulcatus
Schizodelphis,sulcatus
Schizodelphis,sulcatus
Preaulophyseter,gualichensis
Parabalaenoptera,baulinensis
Isanacetus,laticephalus
Isanacetus,laticephalus
Aegyptocetus,tarfa
Kentriodon,fuchsii
Kentriodon,fuchsii
Squalodon,bellunensis
Scaldicetus,grandis
Ziphiodelphis,abeli
Protodelphinus,capellinii
Idiorophus,bolzanensis
Plesiocetus,dyticus
Morenocetus,parvus
Plesiocetopsis,notopelagicus
Kogia,sima
Kogia,breviceps
Argyrocetus,bakersfieldensis
Delphinavus,newhalli
Herpetocetus,sendaicus
Delphinus,rikuzenensis
Scaldicetus,caretti
Mesoplodon,longirostris
Belemnoziphius,compressus
Imerodelphis,thabagarii
Kentriodon,fuchsii
Imerocetus,karaganicus
Eoplatanista,italica
Schizodelphis,sulcatus
Dalpiazina,ombonii
Protodelphinus,capellinii
Idiorophus,bolzanensis
Ziphiodelphis,abeli
Ziphirostrum,turninense
Ziphirostrum,marginatum
Ziphirostrum,marginatum
Ziphirostrum,marginatum
Aporotus,recurvirostris
Aporotus,recurvirostris
Aporotus,dicyrtus
Mesoplodon,longirostris
Ziphirostrum,recurvus
Eurhinodelphis,longirostris
Eurhinodelphis,longirostris
Phocaenopsis,scheynensis
Pithanodelphis,cornutus
Scaldicetus,grandis
Scaldicetus,grandis
Scaldicetus,grandis
Scaldicetus,grandis
Scaldicetus,caretti
Scaldicetus,caretti
Scaldicetus,caretti
Scaldicetus,caretti
Scaldicetus,antwerpiensis
Thalassocetus,antwerpiensis
Ziphirostrum,marginatum
Protophocaena,minima
Piscobalaena,nana
Hemisyntrachelus,oligodon
Platyosphys,paulsonii
Platyosphys,paulsonii
Platyosphys,paulsonii
Macrochirifer,brachyspondylus
Hoplocetus,crassidens
Palaeophocaena,andrussowi
Ziphirostrum,marginatum
Balaena,affinis
Balaenotus,insignis
Balaenula,balaenopsis
Heterocetus,brevifrons
Herpetocetus,scaldiensis
Scaldicetus,caretti
Scaldicetus,caretti
Scaldicetus,grandis
Scaldicetus,caretti
Hoplocetus,crassidens
Hoplocetus,borgerhoutensis
Hoplocetus,curvidens
Choneziphius,planirostris
Choneziphius,planirostris
Choneziphius,planirostris
Mesoplodon,longirostris
Mesoplodon,longirostris
Mesoplodon,longirostris
Belemnoziphius,compressus
Mesoplodon,layardii
Orcinus,citoniensis
Globicephala,uncidens
Mesoplodon,tumidirostris
Squalodon,catulli
Squalodon,bariensis
Squalodelphis,fabianii
Scaldicetus,bellunensis
Ziphiodelphis,sigmoideus
Mycteriacetus,bellunensis
Eoplatanista,italica
Eoplatanista,gresalensis
Patriocetus,ehrlichii
Hemisyntrachelus,cortesii
Tursiops,brocchii
Etruridelphis,giulii
Mesoplodon,longirostris
Scaldicetus,perpinguis
Hemisyntrachelus,cortesii
Tursiops,osennae
Scaldicetus,inflatus
Scaldicetus,grandis
Schizodelphis,sulcatus
Globicephala,uncidens
Squalodon,imperator
Squalodon,bellunensis
Neosqualodon,gastaldii
Xiphiacetus,cristatus
Squalodon,melitensis
Squalodon,bariensis
Squalodon,servatus
Squalodon,molassicus
Squalodon,bariensis
Delphinodon,dividum
Delphinodon,dividum
Squalodon,tiedemani
Scaldicetus,grandis
Physeterula,dubusi
Squalodelphis,fabianii
Eosqualodon,latirostris
Eoplatanista,gresalensis
Squalodon,dalpiazi
Neosqualodon,assenzae
Neosqualodon,gastaldii
Neosqualodon,gastaldii
Neosqualodon,gastaldii
Titanocetus,sammarinensis
Leptodelphis,stavropolitanus
Otradnocetus,virodovi
Hemisyntrachelus,cortesii
Hemisyntrachelus,cortesii
Etruridelphis,giulii
Etruridelphis,giulii
Balaenotus,insignis
Balaenotus,insignis
Balaenotus,orcianensis
Balaena,montalionis
Hemisyntrachelus,cortesii
Globicephala,etruriae
Kogia,pusilla
Physeter,macrocephalus
Physeter,macrocephalus
Squalodon,melitensis
Schizodelphis,sulcatus
Basilosaurus,isis
Squalodon,protervus
Xiphiacetus,cristatus
Eurhinodelphis,longirostris
Eudelphis,mortezelensis
Messapicetus,longirostris
Heterocetus,brevifrons
Cetotherium,polyporum
Scaldicetus,grandis
Mammalodon,colliveri
Balaenula,astensis
Delphinapterus,leucas
Delphinapterus,leucas
Delphinapterus,leucas
Delphinapterus,leucas
Delphinapterus,leucas
Delphinapterus,leucas
Delphinapterus,leucas
Delphinapterus,leucas
Delphinapterus,leucas
Delphinapterus,leucas
Delphinapterus,leucas
Delphinapterus,leucas
Phocoena,phocoena
Balaenoptera,physalus
Megaptera,novaeangliae
Megaptera,novaeangliae
Balaena,mysticetus
Scaldicetus,macgeei
Orca,paleorca
Megaptera,novaeangliae
Janjucetus,hunderi
Mammalodon,colliveri
Anoplonassa,forcipata
Eurhinodelphis,cocheteuxi
Eurhinodelphis,cocheteuxi
Idiocetus,guicciardinii
Balaena,pampaea
Notiocetus,romerianus
Amphicetus,later
Cephalotropis,coronatus
Isocetus,depauwi
Phococetus,vasconum
Anacharsis,orbus
Astadelphis,gastaldii
Astadelphis,gastaldii
Etruridelphis,giulii
Hemisyntrachelus,cortesii
Orcinus,citoniensis
Sinanodelphis,izumidaensis
Lomacetus,ginsburgi
Brachydelphis,mazeasi
Heterodelphis,klinderi
Pachyacanthus,suessii
Ischyrorhynchus,vanbenedeni
Saurocetes,argentinus
Prosqualodon,australis
Saurocetes,argentinus
Idiorophus,patagonicus
Cephalotropis,coronatus
Nannocetus,eremus
Scaldicetus,grandis
Scaldicetus,grandis
Leucopleurus,acutus
Parapontoporia,sternbergi
Pontoporia,blainvillii
Delphinus,delphis
Tagicetus,joneti
Xiphiacetus,cristatus
Praemegaptera,pampauensis
Delphinapterus,leucas
Balaena,montalionis
Choneziphius,planirostris
Hemisyntrachelus,cortesii
Orcinus,citoniensis
Choneziphius,planirostris
Pontistes,rectifrons
Mesocetus,agrami
Mesocetus,agrami
Mesocetus,agrami
Mesocetus,agrami
Lagenorhynchus,obliquidens
Delphinus,delphis
Tursiops,truncatus
Pseudorca,crassidens
Globicephala,macrorhynchus
Grampus,griseus
Nannolithax,gracilis
Hemisyntrachelus,cortesii
Megaptera,novaeangliae
Ziphius,cavirostris
Zygorhiza,kochii
Haborophocoena,toyoshimai
Placoziphius,duboisii
Aulophyseter,mediatlanticus
Orycterocetus,crocodilinus
Balaenoptera,cephalus
Grampus,griseus
Protororqualus,cuvieri
Eubalaena,australis
Balaenoptera,musculus
Squalodon,calvertensis
Squalodon,tiedemani
Delphinus,delphis
Tursiops,truncatus
Phocoena,phocoena
Tursiops,capellinii
Schizodelphis,sulcatus
Scaldicetus,grandis
Pontistes,rectifrons
Balaenoptera,borealis
Tiphyocetus,temblorensis
Basilosaurus,cetoides
Balaenoptera,davidsonii
Hemisyntrachelus,cortesii
Saurocetus,gibbesii
Basilosaurus,cetoides
Scaldicetus,grandis
Balaenula,balaenopsis
Delphinodon,dividum
Kentriodon,hobetsu
Eubalaena,glacialis
Mesocetus,hungaricus
Makaracetus,bidens
Pomatodelphis,stenorhynchus
Kentriodon,fuchsii
Eurhinodelphis,longirostris
Physeterula,dubusi
Saurocetes,gigas
Delphinus,delphis
Schizodelphis,sulcatus
Schizodelphis,sulcatus
Heterodelphis,leiodontus
Schizodelphis,squalodontoides
Delphinodon,dividum
Diorocetus,shobarensis
Odobenocetops,leptodon
Odobenocetops,leptodon
Aetiocetus,cotylalveus
Aetiocetus,cotylalveus
Aetiocetus,cotylalveus
Arimidelphis,sorbinii
Schizodelphis,sulcatus
Balaenoptera,siberi
Kentriodon,pernix
Basilosaurus,cetoides
Zarhachis,crassangulum
Scaldicetus,degiorgii
Mesoplodon,longirostris
Hoplocetus,crassidens
Mesoplodon,longirostris
Choneziphius,planirostris
Aglaocetus,burtinii
Globicephala,macrorhynchus
Diorocetus,hiatus
Eobalaenoptera,harrisoni
Balaenoptera,siberi
Eschrichtioides,gastaldii
Kentriodon,fuchsii
Platyosphys,einori
Brygmophyseter,shigensis
Pliopontos,littoralis
Mesoplodon,longirostris
Ziphius,cavirostris
Ninoziphius,platyrostris
Herpetocetus,sendaicus
Balaenoptera,acutorostrata
Liolithax,kernensis
Liolithax,kernensis
Beneziphius,brevirostris
Pomatodelphis,stenorhynchus
Schizodelphis,sulcatus
Schizodelphis,sulcatus
Schizodelphis,sulcatus
Schizodelphis,sulcatus
Schizodelphis,sulcatus
Schizodelphis,barnesi
Schizodelphis,barnesi
Schizodelphis,barnesi
Schizodelphis,barnesi
Schizodelphis,barnesi
Schizodelphis,barnesi
Schizodelphis,barnesi
Argyrocetus,joaquinensis
Balaenella,brachyrhynus
Pelocetus,mirabilis
Basilosaurus,cetoides
Squalodon,whitmorei
Squalodon,whitmorei
Squalodon,whitmorei
Squalodon,whitmorei
Pseudorca,crassidens
Argyrocetus,joaquinensis
Macrodelphinus,kelloggi
Miodelphis,californicus
Argyrocetus,joaquinensis
Allodelphis,pratti
Balaena,forsythmajori
Hemisyntrachelus,cortesii
Monodon,monoceros
Delphinapterus,leucas
Sophianacetus,commenticius
Balaenoptera,davidsonii
Parapontoporia,sternbergi
Balaena,ricei
Protophocaena,minima
Graamocetus,longicollis
Piscolithax,longirostris
Sarmatodelphis,moldavicus
Neosqualodon,gastaldii
Squalodon,antverpiensis
Squalodon,melitensis
Archaeoziphius,microglenoideus
Cophocetus,oregonensis
Cophocetus,oregonensis
Cophocetus,oregonensis
Orycterocetus,crocodilinus
Orycterocetus,crocodilinus
Orycterocetus,crocodilinus
Orycterocetus,crocodilinus
Orycterocetus,crocodilinus
Phocageneus,venustus
Masracetus,markgrafi
Cynthiacetus,maxwelli
Cynthiacetus,maxwelli
Cynthiacetus,maxwelli
Cynthiacetus,maxwelli
Cynthiacetus,maxwelli
Cynthiacetus,maxwelli
Cynthiacetus,maxwelli
Cynthiacetus,maxwelli
Tokarahia,lophocephalus
Tohoraata,waitakiensis
Piscocetus,sacaco
Piscobalaena,nana
Cynthiacetus,peruvianus
Zygophyseter,varolai
Ziphius,cavirostris
Eoplatanista,taurinensis
Tursiops,truncatus
Schizodelphis,sulcatus
Saghacetus,osiris
Basilosaurus,isis
Pachyacanthus,suessii
Pachyacanthus,suessii
Caviziphius,altirostris
Globicephalus,karsteni
Dalpiazina,ombonii
Medocinia,tetragorhina
Protororqualus,cuvieri
Squalodon,antverpiensis
Eubalaena,belgica
Ziphirostrum,marginatum
Schizodelphis,morckhoviensis
Xiphiacetus,cristatus
Isocetus,depauwi
Placoziphius,duboisii
Eudelphis,mortezelensis
Cetorhynchus,atavus
Choneziphius,planirostris
Herpetocetus,scaldiensis
Amphicetus,later
Plesiocetopsis,hupschii
Eurhinodelphis,cocheteuxi
Eurhinodelphis,longirostris
Plesiocetopsis,hupschii
Mesocetus,longirostris
Scaldicetus,caretti
Scaldicetus,caretti
Choneziphius,planirostris
Eurhinodelphis,longirostris
Heterocetus,brevifrons
Balaenula,balaenopsis
Balaenotus,insignis
Herpetocetus,scaldiensis
Plesiocetopsis,hupschii
Balaenula,balaenopsis
Hoplocetus,borgerhoutensis
Tursiops,capellinii
Ischyrorhynchus,vanbenedeni
Pontoporia,blainvillii
Pontoporia,blainvillii
Inia,geoffrensis
Lipotes,vexillifer
Neophocaena,phocaenoides
Orcaella,brevirostris
Platanista,gangetica
Steno,bredanensis
Stenella,longirostris
Sotalia,fluviatilis
Mesoplodon,peruvianus
Mesoplodon,ginkgodens
Mesoplodon,densirostris
Mesoplodon,densirostris
Archaeodelphis,patrius
Delphinus,delphis
Mesocetus,hungaricus
Schizodelphis,sulcatus
Pomatodelphis,inaequalis
Squalodon,calvertensis
Arktocara,yakataga
Messapicetus,longirostris
Kentriodon,fuchsii
Delphinodon,carniolicus
Orycterocetus,crocodilinus
Diorocetus,hiatus
Squalodon,atlanticus
Squalodon,protervus
Zarhachis,flagellator
Zarhachis,tysonii
Cetotherium,parvum
Balaena,mysticetus
Zarhachis,velox
Kentriodon,fuchsii
Xiphiacetus,bossi
Pelocetus,calvertensis
Xiphiacetus,cristatus
Xiphiacetus,bossi
Mesocetus,siphunculus
Mesocetus,siphunculus
Parietobalaena,palmeri
Kentriodon,pernix
Orycterocetus,crocodilinus
Orycterocetus,crocodilinus
Orycterocetus,crocodilinus
Parietobalaena,palmeri
Mesocetus,siphunculus
Xiphiacetus,bossi
Xiphiacetus,bossi
Mesocetus,siphunculus
Kentriodon,pernix
Hadrodelphis,calvertense
Eurhinodelphis,longirostris
Orycterocetus,crocodilinus
Schizodelphis,barnesi
Squalodon,calvertensis
Schizodelphis,barnesi
Kentriodon,pernix
Eurhinodelphis,longirostris
Xiphiacetus,bossi
Eurhinodelphis,longirostris
Zarhachis,crassangulum
Parietobalaena,palmeri
Zarhachis,flagellator
Xiphiacetus,bossi
Xiphiacetus,bossi
Xiphiacetus,bossi
Kentriodon,pernix
Parietobalaena,palmeri
Thinocetus,arthritus
Diorocetus,hiatus
Parietobalaena,palmeri
Aglaocetus,patulus
Aglaocetus,patulus
Parietobalaena,palmeri
Caperea,marginata
Caperea,marginata
Caperea,marginata
Caperea,marginata
Caperea,marginata
Caperea,marginata
Caperea,marginata
Pachyodon,mirabilis
Phoberodon,arctirostris
Kentriodon,fuchsii
Kentriodon,fuchsii
Kentriodon,fuchsii
Kentriodon,fuchsii
Squalodon,protervus
Eschrichtius,robustus
Delphinapterus,leucas
Delphinapterus,leucas
Balaenoptera,acutorostrata
Monodon,monoceros
Globicephala,macrorhynchus
Balaena,mysticetus
Balaena,mysticetus
Balaena,mysticetus
Monodon,monoceros
Balaena,mysticetus
Balaena,mysticetus
Balaena,mysticetus
Balaena,mysticetus
Tursiops,truncatus
Balaenoptera,physalus
Balaena,mysticetus
Eschrichtius,robustus
Eubalaena,shinshuensis
Balaenoptera,omurai
Balaenoptera,acutorostrata
Basilosaurus,isis
Dorudon,atrox
Dorudon,atrox
Mauicetus,parki
Scaldicetus,caretti
Scaldicetus,grandis
Scaldicetus,grandis
Scaldicetus,grandis
Archaebalaenoptera,castriarquati
Pseudorca,crassidens
Tursiops,truncatus
Scaldicetus,grandis
Physeterula,dubusi
Phocaenopsis,scheynensis
Eurhinodelphis,cocheteuxi
Eurhinodelphis,longirostris
Eurhinodelphis,longirostris
Xiphiacetus,cristatus
Ziphirostrum,marginatum
Parietobalaena,affinis
Herpetocetus,scaldiensis
Plesiocetopsis,hupschii
Parietobalaena,affinis
Heterocetus,brevifrons
Heterocetus,brevifrons
Aglaocetus,latifrons
Aglaocetus,longifrons
Mesocetus,longirostris
Parietobalaena,laxata
Balaenula,balaenopsis
Kutchicetus,minimus
Basilosaurus,cetoides
Neophocaena,phocaenoides
Delphinodon,dividum
Salumiphocaena,stocktoni
Squalodon,bellunensis
Balaenoptera,borealis
Balaenoptera,acutorostrata
Eodelphinus,kabatensis
Orcinus,orca
Balaenoptera,borealis
Albicetus,oxymycterus
Albicetus,oxymycterus
Albicetus,oxymycterus
Grampus,griseus
Balaenoptera,borealis
Orca,paleorca
Pseudorca,yokoyamai
Pseudorca,yokoyamai
Stenella,longirostris
Balaenoptera,acutorostrata
Eubalaena,glacialis
Balaena,mysticetus
Balaena,mysticetus
Balaena,mysticetus
Megaptera,novaeangliae
Balaena,mysticetus
Balaena,mysticetus
Kentriodon,hoepfneri
Hoplocetus,ritzi
Squalodon,bellunensis
Basilosaurus,cetoides
Mesoplodon,longirostris
Mesoplodon,longirostris
Mesoplodon,longirostris
Mesoplodon,perrini
Tursiops,brocchii
Microberardius,africanus
Izikoziphius,rossi
Izikoziphius,angustus
Khoikhoicetus,agulhasis
Ihlengesi,saldanhae
Africanacetus,ceratopsis
Mesoplodon,slangkopi
Nenga,meganasalis
Nenga,meganasalis
Xhosacetus,hendeysi
Pterocetus,benguelae
Pterocetus,benguelae
Ihlengesi,saldanhae
Platyosphys,paulsonii
Choneziphius,macrops
Zeuglodon,brachyspondylus
Archaeschrichtius,ruggieroi
Herpetocetus,scaldiensis
Herpetocetus,scaldiensis
Herpetocetus,transatlanticus
Herpetocetus,bramblei
Squalodon,whitmorei
Squalodon,calvertensis
Phocageneus,venustus
Araeodelphis,natator
Kentriodon,schneideri
Delphinodon,dividum
Lophocetus,pappus
Ninoziphius,platyrostris
Mesoplodon,longirostris
Ziphius,cavirostris
Lagenorhynchus,harmatuki
Stenella,rayi
Aprixokogia,kelloggi
Balaenoptera,acutorostrata
Gricetoides,aurorae
Ninoziphius,platyrostris
Ninoziphius,platyrostris
Monodon,monoceros
Dorudon,atrox
Basilosaurus,isis
Basilosaurus,isis
Masracetus,markgrafi
Dorudon,atrox
Basilosaurus,isis
Dorudon,atrox
Stromerius,nidensis
Saghacetus,osiris
Saghacetus,osiris
Stromerius,nidensis
Saghacetus,osiris
Saghacetus,osiris
Schizodelphis,sulcatus
Schizodelphis,sulcatus
Tusciziphius,atlanticus
Pseudorca,crassidens
Ninoziphius,platyrostris
Ninoziphius,platyrostris
Ninoziphius,platyrostris
Eubalaena,australis
Balaenoptera,physalus
Orcinus,orca
Ziphius,cavirostris
Physeter,macrocephalus
Globicephala,macrorhynchus
Saurocetes,argentinus
Squalodon,grateloupii
Indopacetus,pacificus
Indopacetus,pacificus
Indopacetus,pacificus
Indopacetus,pacificus
Indopacetus,pacificus
Eschrichtioides,gastaldii
Eschrichtius,robustus
Eschrichtius,robustus
Eschrichtius,robustus
Eschrichtius,robustus
Eschrichtius,robustus
Parietobalaena,yamaokai
Hibacetus,hirosei
Pomatodelphis,inaequalis
Stenasodelphis,russellae
Mesoplodon,longirostris
Palaeobalaena,bergi
Balaenoptera,musculus
Balaena,mysticetus
Balaena,mysticetus
Tasmacetus,shepherdi
Tasmacetus,shepherdi
Tasmacetus,shepherdi
Sousa,chinensis
Tursiops,aduncus
Eubalaena,glacialis
Balaenoptera,musculus
Balaenoptera,physalus
Balaenoptera,acutorostrata
Megaptera,novaeangliae
Physeter,macrocephalus
Berardius,bairdii
Mesoplodon,stejnegeri
Delphinapterus,leucas
Orcinus,orca
Lagenorhynchus,obliquidens
Phocoenoides,dalli
Phocoena,phocoena
Peponocephala,electra
Peponocephala,electra
Lagenodelphis,hosei
Feresa,attenuata
Cephalorhynchus,commersoni
Tursiops,truncatus
Delphinapterus,leucas
Delphinapterus,leucas
Eschrichtius,robustus
Delphinapterus,leucas
Saghacetus,osiris
Tursiops,aduncus
Balaenoptera,acutorostrata
Balaenoptera,bonaerensis
Kogia,breviceps
Physeter,macrocephalus
Balaenoptera,borealis
Balaenoptera,musculus
Kogia,breviceps
Globicephala,macrorhynchus
Globicephala,macrorhynchus
Globicephala,macrorhynchus
Kogia,breviceps
Kogia,breviceps
Kogia,sima
Kogia,breviceps
Kogia,sima
Kogia,sima
Megaptera,novaeangliae
Mesoplodon,densirostris
Physeter,macrocephalus
Physeter,macrocephalus
Physeter,macrocephalus
Physeter,macrocephalus
Physeter,macrocephalus
Physeter,macrocephalus
Physeter,macrocephalus
Physeter,macrocephalus
Physeter,macrocephalus
Physeter,macrocephalus
Physeter,macrocephalus
Physeter,macrocephalus
Physeter,macrocephalus
Physeter,macrocephalus
Physeter,macrocephalus
Physeter,macrocephalus
Physeter,macrocephalus
Stenella,longirostris
Stenella,longirostris
Dorudon,atrox
Georgiacetus,vogtlensis
Georgiacetus,vogtlensis
Septemtriocetus,bosselaersi
Aetiocetus,cotylalveus
Balaena,mysticetus
Albireo,whistleri
Albireo,whistleri
Albireo,savagei
Zygorhiza,kochii
Dorudon,atrox
Protocetus,atavus
Albertocetus,meffordorum
Lissodelphis,peronii
Lissodelphis,borealis
Hemisyntrachelus,cortesii
Tursiops,brocchii
Physeterula,dubusi
Delphinodon,carniolicus
Heterodelphis,croatica
Mesocetus,agrami
Piscolithax,aenigmaticus
Pachyacanthus,suessii
Argyrocetus,bakersfieldensis
Prosqualodon,australis
Argyrocetus,patagonicus
Hemisyntrachelus,cortesii
Hemisyntrachelus,cortesii
Hemisyntrachelus,cortesii
Hemisyntrachelus,cortesii
Schizodelphis,compressus
Schizodelphis,planus
Xiphiacetus,bossi
Xiphiacetus,bossi
Xiphiacetus,cristatus
Xiphiacetus,cristatus
Xiphiacetus,cristatus
Hoplocetus,crassidens
Hoplocetus,crassidens
Hoplocetus,curvidens
Scaldicetus,grandis
Scaldicetus,minor
Delphinus,domeykoi
Orycterocetus,quadratidens
Orycterocetus,cornutidens
Physeter,antiquus
Eubalaena,glacialis
Physeter,macrocephalus
Physeterula,dubusi
Orcinus,orca
Pseudorca,crassidens
Monodon,monoceros
Monodon,monoceros
Delphinapterus,leucas
Tursiops,truncatus
Physeterula,dubusi
Physotherium,sotterii
Cetorhynchus,christoli
Choneziphius,planirostris
Choneziphius,planirostris
Choneziphius,planirostris
Ziphius,compressus
Belemnoziphius,compressus
Pomatodelphis,stenorhynchus
Cetotherium,crassangulum
Zarhachis,flagellator
Squalodon,atlanticus
Balaenoptera,davidsonii
Cetotherium,parvum
Mesoplodon,longirostris
Squalodon,bordae
Squalodon,linzianus
Squalodon,meyeri
Squalodon,vocontiorum
Patriocetus,denggi
Patriocetus,ehrlichii
Squalodon,peregrinus
Zignodelphis,miocaenus
Cetotherium,capellinii
Balaenoptera,(Plesiocetus)
Plesiocetus,gervaisii
Plesiocetus,minor
Pachyacanthus,suessii
Eucetotherium,helmersenii
Cetotheriopsis,lintianus
Balaena,dubusi
Balaena,larteti
Balaenotus,insignis
Heterocetus,brevifrons
Aglaocetus,burtinii
Herpetocetus,scaldiensis
Herpetocetus,scaldiensis
Herpetocetus,scaldiensis
Mesocetus,siphunculus
Squalodon,grateloupii
Balaena,arcuata
Balaenula,balaenopsis
Squalodon,grateloupii
Mesocetus,aquitanicus
Mesocetus,aquitanicus
Physeter,antiquus
Pachyacanthus,suessii
Pachyacanthus,suessii
Pachyacanthus,suessii
Pachyacanthus,suessii
Schizodelphis,sulcatus
Scaldicetus,caretti
Eschrichtius,robustus
Balaenotus,insignis
Physeter,macrocephalus
Hemisyntrachelus,cortesii
Notiocetus,platensis
Schizodelphis,sulcatus
Araeodelphis,natator
Lophocetus,calvertensis
Metopocetus,durinasus
Squalodon,grateloupii
Squalodon,hypsispondylus
Schizodelphis,sulcatus
Eschrichtius,robustus
Eschrichtius,robustus
Eschrichtius,robustus
Eschrichtius,robustus
Eschrichtius,robustus
Eschrichtius,robustus
Eschrichtius,robustus
Balaenoptera,sursiplana
Squalodon,atlanticus
Ischyrorhynchus,vanbenedeni
Saurocetes,argentinus
Pontoporia,blainvillii
Lipotes,vexillifer
Platanista,gangetica
Sotalia,fluviatilis
Sotalia,fluviatilis
Sousa,chinensis
Sousa,chinensis
Sotalia,fluviatilis
Sousa,chinensis
Sousa,teuszii
Sousa,plumbea
Stenella,coeruleoalba
Stenella,frontalis
Stenella,attenuata
Tursiops,aduncus
Tursiops,truncatus
Tursiops,truncatus
Lagenodelphis,hosei
Lagenorhynchus,albirostris
Lagenorhynchus,obliquidens
Cephalorhynchus,eutropia
Orcaella,brevirostris
Grampus,griseus
Globicephala,melas
Globicephala,macrorhynchus
Phocoena,spinipinnis
Phocoena,sinus
Phocoena,dioptrica
Phocoenoides,dalli
Neophocaena,phocaenoides
Delphinapterus,leucas
Kogia,breviceps
Physeter,macrocephalus
Kogia,sima
Tasmacetus,shepherdi
Berardius,bairdii
Berardius,arnuxii
Mesoplodon,bidens
Mesoplodon,mirus
Mesoplodon,grayi
Mesoplodon,hectori
Mesoplodon,grayi
Mesoplodon,ginkgodens
Mesoplodon,ginkgodens
Mesoplodon,layardii
Mesoplodon,stejnegeri
Mesoplodon,bowdoini
Mesoplodon,carlhubbsi
Ziphius,cavirostris
Hyperoodon,planifrons
Hyperoodon,ampullatus
Balaenoptera,acutorostrata
Balaenoptera,edeni
Balaenoptera,borealis
Balaenoptera,musculus
Eubalaena,australis
Eubalaena,glacialis
Basilosaurus,cetoides
Basilosaurus,cetoides
Balaena,mysticetus
Choneziphius,planirostris
Parietobalaena,affinis
Heterocetus,brevifrons
Balaenula,balaenopsis
Rudicetus,squalodontoides
Rudicetus,squalodontoides
Delphinus,delphis
Kentriodon,pernix
Prosqualodon,davidis
Diorocetus,chichibuensis
Palaeobalaena,bergi
Cetotherium,rathkii
Saghacetus,osiris
Eurhinodelphis,longirostris
Scaldicetus,grandis
Scaldicetus,caretti
Schizodelphis,sulcatus
Eurhinodelphis,cocheteuxi
Parietobalaena,affinis
Heterocetus,brevifrons
Parietobalaena,laxata
Mesocetus,longirostris
Parietobalaena,affinis
Xiphiacetus,cristatus
Xiphiacetus,cristatus
Aglaocetus,latifrons
Heterocetus,major
Phocoena,phocoena
Protophocaena,minima
Eurhinodelphis,cocheteuxi
Xiphiacetus,cristatus
Aglaocetus,rotundus
Dalanistes,ahmedi
Mauicetus,parki
Mauicetus,parki
Delphinus,delphis
Tursiops,truncatus
Orcinus,orca
Balaenoptera,borealis
Balaenoptera,physalus
Balaena,mysticetus
Pomatodelphis,stenorhynchus
Pontoporia,blainvillii
Balaena,mysticetus
Protoglobicephala,mexicana
Nazcacetus,urbinai
Brachydelphis,mazeasi
Andrewsiphius,sloani
Andrewsiphius,sloani
Andrewsiphius,sloani
Andrewsiphius,sloani
Andrewsiphius,sloani
Andrewsiphius,sloani
Kutchicetus,minimus
Kutchicetus,minimus
Orycterocetus,crocodilinus
Physeterula,dubusi
Auroracetus,bakerae
Etruridelphis,giulii
Squalodon,grateloupii
Uranocetus,gramensis
Pakicetus,calcis
Pakicetus,chittas
Nalacetus,ratimitus
Eurhinodelphis,cocheteuxi
Eurhinodelphis,cocheteuxi
Eurhinodelphis,longirostris
Xiphiacetus,bossi
Eurhinodelphis,longirostris
Eurhinodelphis,cocheteuxi
Gandakasia,potens
Ambulocetus,natans
Ambulocetus,natans
Gandakasia,potens
Schizodelphis,morckhoviensis
Kentriodon,obscurus
Zarhinocetus,errabundus
Balaena,mysticetus
Delphinapterus,leucas
Balaena,mysticetus
Balaena,mysticetus
Delphinapterus,leucas
Balaena,mysticetus
Delphinapterus,leucas
Balaena,mysticetus
Balaena,mysticetus
Balaenoptera,acutorostrata
Delphinapterus,leucas
Delphinapterus,leucas
Delphinapterus,leucas
Aglaocetus,burtinii
Aglaocetus,latifrons
Aglaocetus,longifrons
Aglaocetus,rotundus
Plesiocetopsis,hupschii
Parietobalaena,affinis
Parietobalaena,laxata
Eschrichtius,robustus
Globicephala,melas
Physeter,macrocephalus
Livyatan,melvillei
Balaena,mysticetus
Delphinapterus,leucas
Monodon,monoceros
Megaptera,novaeangliae
Physeter,vetus
Pachyacanthus,suessii
Pachyacanthus,suessii
Pachyacanthus,suessii
Pachyacanthus,suessii
Basilosaurus,isis
Masracetus,markgrafi
Saghacetus,osiris
Balaenoptera,physalus
Plesiobalaenoptera,quarantellii
Joumocetus,shimizui
Supayacetus,muizoni
Ocucajea,picklingi
Diunatans,luctoretemergo
Basilosaurus,isis
Dorudon,atrox
Megaptera,novaeangliae
Balaenoptera,acutorostrata
Eubalaena,australis
Basilotritus,wardii
Basilotritus,wardii
Basilotritus,wardii
Delphinus,domeykoi
Zarhinocetus,errabundus
Allodelphis,woodburnei
Llanocetus,denticrenatus
Cetotherium,rathkii
Haborophocoena,minutus
Platalearostrum,hoekmani
Basilotritus,wardii
Balaena,mysticetus
Balaena,mysticetus
Balaena,mysticetus
Balaena,mysticetus
Delphinapterus,leucas
Orcinus,orca
Orcaella,heinsohni
Orcaella,heinsohni
Orcaella,heinsohni
Phocoena,phocoena
Delphinus,delphis
Monodon,monoceros
Zygorhiza,kochii
Zygorhiza,kochii
Eudelphinus,compressus
Macrodelphinus,kelloggi
Cyrtodelphis,bogatshowi
Janjucetus,hunderi
Schizodelphis,sulcatus
Xiphiacetus,bossi
Brachydelphis,jahuayensis
Brachydelphis,mazeasi
Notocetus,vanbenedeni
Delphinapterus,leucas
Mirocetus,riabinini
Messapicetus,gregarius
Brachydelphis,mazeasi
Natchitochia,jonesi
Squalodon,melitensis
Basilosaurus,cetoides
Chrysocetus,healyorum
Choneziphius,chonops
Choneziphius,trachops
Choneziphius,liops
Belemnoziphius,prorops
Astadelphis,gastaldii
Astadelphis,gastaldii
Basiloterus,hussaini
Zygorhiza,kochii
Meherrinia,isoni
Zarhachis,crassangulum
Basilosaurus,cetoides
Zygorhiza,kochii
Dorudon,serratus
Dorudon,atrox
Dorudon,atrox
Dorudon,atrox
Dorudon,atrox
Dorudon,atrox
Dorudon,atrox
Dorudon,atrox
Dorudon,atrox
Dorudon,atrox
Dorudon,atrox
Dorudon,atrox
Dorudon,atrox
Dorudon,atrox
Dorudon,atrox
Dorudon,atrox
Dorudon,atrox
Dorudon,atrox
Dorudon,atrox
Dorudon,atrox
Dorudon,atrox
Dorudon,atrox
Dorudon,atrox
Dorudon,atrox
Dorudon,atrox
Dorudon,atrox
Dorudon,atrox
Dorudon,atrox
Dorudon,atrox
Dorudon,atrox
Dorudon,atrox
Dorudon,atrox
Dorudon,atrox
Leucopleurus,acutus
Bohaskaia,monodontoides
Bohaskaia,monodontoides
Crenatocetus,rayi
Remingtonocetus,domandaensis
Balaenoptera,physalus
Septidelphis,morii
Basilosaurus,cetoides
Basilosaurus,cetoides
Zygorhiza,kochii
Zygorhiza,kochii
Basilosaurus,cetoides
Basilosaurus,cetoides
Dorudon,serratus
Basilotritus,wardii
Basilosaurus,cetoides
Rayanistes,afer
Pterophocaena,nishinoi
Archaeophocaena,teshioensis
Miophocaena,nishinoi
Parietobalaena,yamaokai
Parietobalaena,yamaokai
Carolinacetus,gingerichi
Kurdalagonus,mchedlidzei
Mithridatocetus,adygeicus
Zygorhiza,kochii
Basilosaurus,cetoides
Ceterhinops,longifrons
Basilosaurus,isis
Basilotritus,uheni
Miocaperea,pulchra
Parietobalaena,campiniana
Parietobalaena,campiniana
Parietobalaena,campiniana
Xiphiacetus,cristatus
Isocetus,depauwi
Balaena,mysticetus
Basilotritus,uheni
Cetotherium,riabinini
Choneziphius,leidyi
Tusciziphius,atlanticus
Tusciziphius,atlanticus
Tusciziphius,atlanticus
Tusciziphius,atlanticus
Globicetus,hiberus
Globicetus,hiberus
Globicetus,hiberus
Imocetus,piscatus
Squalodon,bellunensis
Vampalus,sayasanicus
Brachydelphis,jahuayensis
Brachydelphis,jahuayensis
Notoziphius,bruneti
Schizodelphis,sulcatus
Nannolithax,gracilis
Schizodelphis,sulcatus
Hadrodelphis,poseidon
Hadrodelphis,poseidon
Orycterocetus,crocodilinus
Orycterocetus,crocodilinus
Orycterocetus,crocodilinus
Orycterocetus,crocodilinus
Schizodelphis,sulcatus
Maiacetus,inuus
Haborophocoena,toyoshimai
Aporotus,recurvirostris
Squalodon,antverpiensis
Balaenoptera,bertae
Balaenoptera,bertae
Balaenoptera,bertae
Herpetocetus,bramblei
Parapontoporia,sternbergi
Papahu,taitapu
Balaenoptera,acutorostrata
Balaenoptera,acutorostrata
Cetotherium,capellinii
Balaenoptera,acutorostrata
Balaenoptera,acutorostrata
Balaenoptera,acutorostrata
Masracetus,markgrafi
Togocetus,traversei
Megaptera,novaeangliae
Herpetocetus,morrowi
Herpetocetus,morrowi
Herpetocetus,morrowi
Herpetocetus,morrowi
Herpetocetus,morrowi
Herpetocetus,morrowi
Eschrichtius,robustus
Eschrichtius,robustus
Tursiops,truncatus
Inia,araguaiaensis
Goniodelphis,hudsoni
Ninoziphius,platyrostris
Brandtocetus,chongulek
Brandtocetus,chongulek
Cetotherium,rathkii
Cotylocara,macei
Semirostrum,ceruttii
Semirostrum,ceruttii
Semirostrum,ceruttii
Herpetocetus,morrowi
Herpetocetus,morrowi
Herpetocetus,morrowi
Herpetocetus,morrowi
Herpetocetus,morrowi
Herpetocetus,morrowi
Herpetocetus,morrowi
Herpetocetus,morrowi
Herpetocetus,morrowi
Herpetocetus,morrowi
Herpetocetus,morrowi
Herpetocetus,morrowi
Herentalia,nigra
Pomatodelphis,bobengi
Agorophius,pygmaeus
Globicephala,uncidens
Kentriodon,diusinus
Dorudon,atrox
Basilosaurus,isis
Dorudon,atrox
Basilosaurus,isis
Dorudon,atrox
Dorudon,atrox
Basilosaurus,isis
Dorudon,atrox
Basilosaurus,isis
Sousa,sahulensis
Balaena,mysticetus
Eubalaena,glacialis
Balaenoptera,physalus
Orcinus,orca
Hyperoodon,ampullatus
Tursiops,truncatus
Megaptera,novaeangliae
Balaena,mysticetus
Eubalaena,glacialis
Balaena,mysticetus
Physeter,macrocephalus
Orcinus,orca
Balaena,mysticetus
Eubalaena,glacialis
Balaenoptera,physalus
Physeter,macrocephalus
Orcinus,orca
Balaenoptera,acutorostrata
Balaena,mysticetus
Balaena,mysticetus
Balaena,mysticetus
Eubalaena,glacialis
Balaenoptera,physalus
Balaenoptera,musculus
Balaenoptera,acutorostrata
Lagenorhynchus,albirostris
Orcinus,orca
Delphinapterus,leucas
Delphinapterus,leucas
Balaena,mysticetus
Eubalaena,glacialis
Megaptera,novaeangliae
Delphinapterus,leucas
Balaena,mysticetus
Balaena,mysticetus
Delphinapterus,leucas
Balaena,mysticetus
Balaena,mysticetus
Balaena,mysticetus
Balaena,mysticetus
Balaena,mysticetus
Balaena,mysticetus
Balaena,mysticetus
Balaena,mysticetus
Balaena,mysticetus
Balaena,mysticetus
Balaena,mysticetus
Balaena,mysticetus
Balaena,mysticetus
Balaena,mysticetus
Balaena,mysticetus
Balaena,mysticetus
Balaena,mysticetus
Balaena,mysticetus
Balaena,mysticetus
Balaena,mysticetus
Balaena,mysticetus
Balaena,mysticetus
Balaena,mysticetus
Balaena,mysticetus
Balaena,mysticetus
Balaena,mysticetus
Balaena,mysticetus
Balaena,mysticetus
Balaena,mysticetus
Balaena,mysticetus
Balaena,mysticetus
Phocoenoides,dalli
Phocoena,phocoena
Huaridelphis,raimondii
Balaena,mysticetus
Balaena,mysticetus
Balaena,mysticetus
Balaena,mysticetus
Balaenoptera,physalus
Megaptera,novaeangliae
Monodon,monoceros
Balaena,mysticetus
Indocetus,ramani
Dhedacetus,hyaeni
Tohoraata,raekohao
Notocetus,vanbenedeni
Ashleycetus,planicapitis
Zygiocetus,nartorum
Eschrichtius,robustus
Agorophius,pygmaeus
Horopeta,umarere
Chilcacetus,cavirhinus
Brabocetus,gigaseorum
Balaena,mysticetus
Balaena,mysticetus
Eubalaena,australis
Eubalaena,australis
Eubalaena,australis
Eubalaena,glacialis
Eubalaena,japonica
Balaenoptera,acutorostrata
Balaenoptera,acutorostrata
Balaenoptera,acutorostrata
Balaenoptera,physalus
Megaptera,novaeangliae
Megaptera,novaeangliae
Megaptera,novaeangliae
Megaptera,novaeangliae
Megaptera,novaeangliae
Megaptera,novaeangliae
Megaptera,novaeangliae
Megaptera,novaeangliae
Eschrichtius,robustus
Eschrichtius,robustus
Caperea,marginata
Caperea,marginata
Caperea,marginata
Caperea,marginata
Caperea,marginata
Cephalorhynchus,eutropia
Cephalorhynchus,heavisidii
Steno,bredanensis
Steno,bredanensis
Steno,bredanensis
Steno,bredanensis
Steno,bredanensis
Steno,bredanensis
Steno,bredanensis
Steno,bredanensis
Steno,bredanensis
Steno,bredanensis
Sousa,teuszii
Tursiops,truncatus
Tursiops,truncatus
Tursiops,truncatus
Tursiops,truncatus
Tursiops,truncatus
Stenella,attenuata
Stenella,attenuata
Stenella,attenuata
Stenella,attenuata
Stenella,attenuata
Stenella,attenuata
Delphinus,delphis
Delphinus,delphis
Delphinus,delphis
Delphinus,delphis
Delphinus,delphis
Delphinus,delphis
Delphinus,delphis
Aglaocetus,moreni
Aglaocetus,moreni
Lagenodelphis,hosei
Lagenodelphis,hosei
Lagenodelphis,hosei
Lagenodelphis,hosei
Lagenodelphis,hosei
Lagenodelphis,hosei
Lagenodelphis,hosei
Lagenodelphis,hosei
Lagenodelphis,hosei
Lagenodelphis,hosei
Lagenorhynchus,albirostris
Lagenorhynchus,albirostris
Lagenorhynchus,albirostris
Sagmatias,australis
Sagmatias,australis
Sagmatias,australis
Lagenorhynchus,obliquidens
Lagenorhynchus,obliquidens
Sagmatias,cruciger
Sagmatias,cruciger
Lissodelphis,peronii
Lissodelphis,peronii
Lissodelphis,peronii
Lissodelphis,peronii
Lissodelphis,peronii
Lissodelphis,peronii
Lissodelphis,borealis
Lissodelphis,borealis
Grampus,griseus
Grampus,griseus
Grampus,griseus
Grampus,griseus
Grampus,griseus
Grampus,griseus
Grampus,griseus
Grampus,griseus
Grampus,griseus
Grampus,griseus
Grampus,griseus
Peponocephala,electra
Peponocephala,electra
Peponocephala,electra
Peponocephala,electra
Peponocephala,electra
Peponocephala,electra
Peponocephala,electra
Peponocephala,electra
Peponocephala,electra
Peponocephala,electra
Feresa,attenuata
Feresa,attenuata
Feresa,attenuata
Feresa,attenuata
Feresa,attenuata
Feresa,attenuata
Feresa,attenuata
Feresa,attenuata
Feresa,attenuata
Feresa,attenuata
Pseudorca,crassidens
Pseudorca,crassidens
Pseudorca,crassidens
Pseudorca,crassidens
Pseudorca,crassidens
Pseudorca,crassidens
Pseudorca,crassidens
Pseudorca,crassidens
Pseudorca,crassidens
Pseudorca,crassidens
Pseudorca,crassidens
Orcinus,orca
Orcinus,orca
Orcinus,orca
Orcinus,orca
Orcinus,orca
Orcinus,orca
Orcinus,orca
Orcinus,orca
Orcinus,orca
Orcinus,orca
Orcinus,orca
Orcinus,orca
Orcinus,orca
Globicephala,melas
Globicephala,melas
Globicephala,melas
Globicephala,macrorhynchus
Globicephala,macrorhynchus
Globicephala,macrorhynchus
Globicephala,macrorhynchus
Globicephala,macrorhynchus
Globicephala,macrorhynchus
Globicephala,macrorhynchus
Globicephala,macrorhynchus
Globicephala,macrorhynchus
Globicephala,macrorhynchus
Orcaella,brevirostris
Orcaella,brevirostris
Orcaella,brevirostris
Monodon,monoceros
Monodon,monoceros
Monodon,monoceros
Delphinapterus,leucas
Delphinapterus,leucas
Delphinapterus,leucas
Delphinapterus,leucas
Neophocaena,phocaenoides
Neophocaena,phocaenoides
Neophocaena,phocaenoides
Neophocaena,phocaenoides
Phocoena,phocoena
Phocoena,phocoena
Phocoena,phocoena
Phocoena,phocoena
Phocoena,dioptrica
Phocoena,dioptrica
Phocoena,dioptrica
Phocoena,dioptrica
Phocoenoides,dalli
Phocoenoides,dalli
Physeter,macrocephalus
Physeter,macrocephalus
Physeter,macrocephalus
Physeter,macrocephalus
Physeter,macrocephalus
Physeter,macrocephalus
Physeter,macrocephalus
Physeter,macrocephalus
Physeter,macrocephalus
Physeter,macrocephalus
Physeter,macrocephalus
Physeter,macrocephalus
Physeter,macrocephalus
Kogia,breviceps
Kogia,breviceps
Kogia,breviceps
Kogia,breviceps
Kogia,breviceps
Kogia,breviceps
Kogia,breviceps
Kogia,breviceps
Kogia,breviceps
Kogia,breviceps
Ziphius,cavirostris
Ziphius,cavirostris
Ziphius,cavirostris
Ziphius,cavirostris
Ziphius,cavirostris
Ziphius,cavirostris
Ziphius,cavirostris
Ziphius,cavirostris
Ziphius,cavirostris
Ziphius,cavirostris
Ziphius,cavirostris
Berardius,arnuxii
Berardius,arnuxii
Berardius,arnuxii
Berardius,arnuxii
Berardius,arnuxii
Berardius,arnuxii
Berardius,arnuxii
Berardius,bairdii
Berardius,bairdii
Tasmacetus,shepherdi
Tasmacetus,shepherdi
Tasmacetus,shepherdi
Tasmacetus,shepherdi
Indopacetus,pacificus
Indopacetus,pacificus
Indopacetus,pacificus
Indopacetus,pacificus
Indopacetus,pacificus
Indopacetus,pacificus
Parietobalaena,palmeri
Parietobalaena,palmeri
Hyperoodon,planifrons
Hyperoodon,planifrons
Hyperoodon,planifrons
Hyperoodon,planifrons
Hyperoodon,planifrons
Hyperoodon,planifrons
Hyperoodon,planifrons
Hyperoodon,ampullatus
Hyperoodon,ampullatus
Hyperoodon,ampullatus
Platanista,gangetica
Platanista,gangetica
Nanokogia,isthmia
Nanokogia,isthmia
Ziphius,(Dolichodon)
Balaenoptera,acutorostrata
Eschrichtius,robustus
Brachydelphis,jahuayensis
Physeterula,dubusi
Kogia,breviceps
Kogiopsis,floridana
Physeter,macrocephalus
Tokarahia,kauaeroa
Tokarahia,kauaeroa
Messapicetus,gregarius
Waharoa,ruwhenua
Waharoa,ruwhenua
Fucaia,buelli
Mesoplodon,tumidirostris
Delphinus,delphis
Grampus,griseus
Physeter,macrocephalus
Balaenoptera,physalus
Physeter,macrocephalus
Basilosaurus,cetoides
Pappocetus,lugardi
Chrysocetus,fouadassii
Platyosphys,aithai
Eocetus,schweinfurthi
Delphinapterus,leucas
Phocoena,phocoena
Phocoenoides,dalli
Orcinus,orca
Delphinapterus,leucas
Delphinapterus,leucas
Balaena,mysticetus
Delphinapterus,leucas
Balaena,mysticetus
Metopocetus,hunteri
Llanocetus,denticrenatus
Mesoplodon,posti
Goedertius,oregonensis
Ninjadelphis,ujiharai
Zarhinocetus,donnamatsonae
Numataphocoena,yamashitai
Waharoa,ruwhenua
Whakakai,waipata
Fragilicetus,velponi
Delphinus,delphis
Tursiops,truncatus
Matapanui,waihao
Awadelphis,hirayamai
Mammalodon,hakataramea
Awamokoa,tokarahi
Echovenator,sandersi
Remingtonocetus,harudiensis
Acrophyseter,deinodon
Acrophyseter,robustus
Ischyrorhynchus,vanbenedeni
Ischyrorhynchus,vanbenedeni
Zarhachis,flagellator
Dagonodum,mojnum
Chavinziphius,maxillocristatus
Incakujira,anillodefuego
Mithridatocetus,eichwaldi
Cetotherium,rathkii
Sitsqwayk,cornishorum
Africanacetus,gracilis
Beneziphius,cetariensis
Piscobalaena,nana
Balaenoptera,acutorostrata
Isthminia,panamensis
Eubalaena,belgica
